username,age,gender,race
piovcja,53,Male,Asian
aifaf,58,Male,Black or African American
sovfygafs,58,Female,Native Hawaiian or other Pacific Islander
swjgvyqm,8,Not specified,American Indian or Alaska Native
spjmtvy,13,Female,Black or African American
evcrzxovq,31,Female,American Indian or Alaska Native
jultq,14,Male,Native Hawaiian or other Pacific Islander
nvnfzzc,12,Not specified,Hispanic or Latino
mybugf,56,Male,Native Hawaiian or other Pacific Islander
pfwnr,19,Female,Not specified
gjygdaq,59,Female,Black or African American
moxvu,49,Male,Black or African American
qvqkn,25,Female,Native Hawaiian or other Pacific Islander
gmylw,15,Male,American Indian or Alaska Native
ycvaedq,24,Female,American Indian or Alaska Native
opweoqiv,5,Female,Asian
lrzmp,50,Male,Black or African American
jnqij,39,Not specified,American Indian or Alaska Native
lnoqfd,51,Male,American Indian or Alaska Native
lalbxp,59,Female,Not specified
usykgh,46,Not specified,White
dzntp,29,Not specified,Native Hawaiian or other Pacific Islander
mpdvpopa,27,Male,Asian
ndkkipwb,25,Male,Asian
ldiyqvofg,29,Not specified,Native Hawaiian or other Pacific Islander
rloyg,11,Male,American Indian or Alaska Native
tkpaxfzq,58,Female,Black or African American
xeccg,27,Not specified,Hispanic or Latino
qdjfbdum,7,Not specified,Black or African American
glqagidzq,58,Female,Not specified
wovwkrwhr,52,Female,Black or African American
cniurxv,27,Female,Asian
thaknfgjo,33,Female,American Indian or Alaska Native
sjrmmmvsr,32,Male,Not specified
ohdbk,15,Not specified,Asian
btylwxc,19,Male,Black or African American
iljakqa,41,Male,American Indian or Alaska Native
mabvjzzor,21,Male,Black or African American
tocnff,11,Male,Not specified
cvbbem,9,Female,Not specified
vmoga,56,Not specified,White
epqwkjzn,11,Not specified,American Indian or Alaska Native
gpozxuy,23,Female,American Indian or Alaska Native
sdhacub,23,Male,Asian
ihoyarv,24,Female,Native Hawaiian or other Pacific Islander
ywsnpx,11,Female,White
waitmklgf,30,Female,Asian
pqdyirohd,10,Male,Not specified
ybzsnnaew,40,Male,Native Hawaiian or other Pacific Islander
ygfcxtab,24,Male,Black or African American
jbnxa,25,Not specified,Asian
uzaaqup,50,Not specified,Not specified
rafrwtuj,41,Male,Asian
bkfntg,21,Male,White
siyfvoohi,24,Female,Black or African American
onajodd,33,Not specified,White
qpzdgam,11,Not specified,Asian
fbtbvgepe,19,Not specified,Hispanic or Latino
xgpefedsa,58,Female,Native Hawaiian or other Pacific Islander
itmoyzyo,12,Male,Asian
twhtpy,21,Female,Native Hawaiian or other Pacific Islander
sdbsqvcqs,41,Not specified,Not specified
irgwtald,12,Not specified,White
smnpcwj,23,Female,Asian
vceaav,41,Female,Native Hawaiian or other Pacific Islander
wbcehugc,56,Not specified,Not specified
kwcfpob,57,Male,Hispanic or Latino
rmouvpcqh,36,Female,White
swxsv,28,Not specified,Not specified
jxvxcu,18,Male,Black or African American
qhntpaf,45,Male,Black or African American
gjgndyd,29,Female,White
ozebi,11,Male,Not specified
aiutsjbl,26,Not specified,White
tdzmeoupp,27,Female,Native Hawaiian or other Pacific Islander
cxwjqu,25,Male,Black or African American
xqsjlnyn,48,Not specified,Black or African American
wjudsi,8,Male,Black or African American
vbziyaqd,44,Female,American Indian or Alaska Native
ctpxvrny,52,Not specified,Not specified
azvzoa,45,Not specified,Hispanic or Latino
isazd,31,Female,White
yfwprmojp,9,Female,American Indian or Alaska Native
czahakeu,15,Not specified,American Indian or Alaska Native
hiujeh,45,Not specified,Not specified
tubqkldz,39,Not specified,Black or African American
iztgagei,34,Female,Native Hawaiian or other Pacific Islander
czrwhvek,49,Male,Asian
agwbamz,34,Male,Black or African American
ybspuxb,42,Not specified,American Indian or Alaska Native
qqipl,28,Not specified,Asian
judabf,13,Male,White
nofem,45,Female,Hispanic or Latino
bjphdiar,58,Not specified,White
cqpqvld,17,Male,Hispanic or Latino
uqtvzz,10,Male,American Indian or Alaska Native
slwhtlcpr,21,Female,Native Hawaiian or other Pacific Islander
mneshh,23,Not specified,American Indian or Alaska Native
xrpkexzc,41,Male,Hispanic or Latino
kmftllsnp,39,Not specified,Hispanic or Latino
fagoup,39,Not specified,White
cpjfwrn,11,Male,Not specified
ahrzckr,57,Female,White
kktggkh,49,Male,White
oyego,15,Not specified,Native Hawaiian or other Pacific Islander
mbfjwy,17,Not specified,Native Hawaiian or other Pacific Islander
eygeh,32,Male,Black or African American
cfjolp,58,Female,Black or African American
rtyzyeecd,14,Not specified,Black or African American
hseya,29,Not specified,Hispanic or Latino
epealfjru,25,Female,Not specified
phfqr,9,Male,American Indian or Alaska Native
nfncjz,51,Male,White
dkjrlfyx,8,Not specified,Native Hawaiian or other Pacific Islander
tndagv,32,Male,Not specified
snnnsa,16,Not specified,Asian
rseua,50,Male,White
wkborr,35,Not specified,Hispanic or Latino
fbpenqttm,51,Not specified,White
qeydiiqtb,23,Male,Hispanic or Latino
ebolnx,29,Not specified,Hispanic or Latino
ckafrdc,54,Female,Native Hawaiian or other Pacific Islander
fxgkdjmev,48,Male,White
mgljp,5,Female,Not specified
zmzvxy,27,Not specified,Hispanic or Latino
dzgvfzz,41,Female,White
asowo,50,Not specified,American Indian or Alaska Native
ortxwrs,50,Female,White
zcuezd,25,Female,Asian
tzfnlz,21,Male,Native Hawaiian or other Pacific Islander
kkelwdcs,24,Not specified,Asian
adthvndl,27,Male,Hispanic or Latino
ltquhmlti,34,Female,Hispanic or Latino
mznus,41,Not specified,White
lshyh,37,Female,Hispanic or Latino
twmetnyj,38,Not specified,Hispanic or Latino
lmdlbej,41,Female,Hispanic or Latino
kdbxne,19,Not specified,Hispanic or Latino
ispix,54,Female,American Indian or Alaska Native
bcyljofl,54,Male,Black or African American
aixbu,48,Female,Black or African American
ctpvrfwp,35,Female,Not specified
ktqqr,41,Male,Not specified
mboznhi,28,Male,American Indian or Alaska Native
mhglttlcr,27,Not specified,Native Hawaiian or other Pacific Islander
pkhhhq,29,Female,American Indian or Alaska Native
yerxuu,16,Female,Black or African American
irlanzxsw,53,Female,Not specified
ynhdxa,28,Female,White
dblfh,46,Not specified,Not specified
zxncxhfp,55,Not specified,American Indian or Alaska Native
pfluqftg,49,Female,Black or African American
uiyzjt,42,Female,Hispanic or Latino
hzqtjx,42,Male,Black or African American
wsfhwudy,56,Not specified,American Indian or Alaska Native
goxyl,53,Female,Not specified
xzwflsd,23,Male,Not specified
vlyhre,7,Female,Not specified
cvccqmrc,40,Male,American Indian or Alaska Native
cxghe,17,Male,White
kbvybotu,28,Female,White
ftmjep,15,Female,Native Hawaiian or other Pacific Islander
nxzijgbp,46,Male,Hispanic or Latino
gpvvf,39,Male,Hispanic or Latino
phscvqlgd,11,Female,Not specified
honlxqdt,39,Female,White
heyhbl,48,Female,White
gmlsapza,25,Female,White
iojjr,37,Not specified,Hispanic or Latino
fputxq,47,Female,White
wjncso,8,Male,Hispanic or Latino
tbtbi,39,Not specified,Black or African American
uwzaanhs,59,Male,Black or African American
wxztzej,59,Not specified,White
blpejr,16,Not specified,Native Hawaiian or other Pacific Islander
fubehhu,18,Not specified,White
jvfobuyi,29,Not specified,Black or African American
zqoehi,28,Male,Native Hawaiian or other Pacific Islander
hgykucnca,57,Female,Hispanic or Latino
kzusvwveq,52,Female,Black or African American
dzxutl,54,Not specified,Black or African American
gjgcws,22,Male,Asian
psivtfhh,11,Female,Black or African American
dqstu,30,Not specified,Black or African American
mdpnrdqjc,44,Male,Native Hawaiian or other Pacific Islander
hrlfga,5,Not specified,Not specified
ydvtqxy,46,Male,Native Hawaiian or other Pacific Islander
cgbis,42,Not specified,American Indian or Alaska Native
orepyvmc,29,Male,Asian
kedacygmi,27,Not specified,Hispanic or Latino
ctdfmi,20,Female,Native Hawaiian or other Pacific Islander
dikmn,44,Male,Native Hawaiian or other Pacific Islander
cyzmonh,5,Male,Hispanic or Latino
zoruamyn,25,Not specified,Native Hawaiian or other Pacific Islander
slysj,22,Female,Hispanic or Latino
rfjvvtuc,41,Female,White
wxnrabwfm,18,Male,Black or African American
rxrgeckzc,26,Male,Hispanic or Latino
qrpvgaxl,40,Not specified,Black or African American
nmyynf,59,Male,American Indian or Alaska Native
